pos_x,pos_y,rotation,side,designator,mpn,pack,footprint,value,mount_type,place
57.277,-18.669,0.0,top,C1,,,C_0805_2012Metric_Pad1.15x1.40mm_HandSolder,0.1uF,smt,True
13.589,-15.866,90.0,top,C10,,,C_0805_2012Metric_Pad1.15x1.40mm_HandSolder,1uF,smt,True
18.669,-11.548,90.0,top,C11,,,C_0805_2012Metric_Pad1.15x1.40mm_HandSolder,1uF,smt,True
11.049,-15.866,90.0,top,C12,,,C_0805_2012Metric_Pad1.15x1.40mm_HandSolder,10uF,smt,True
13.589,-28.33,90.0,top,C13,,,C_0805_2012Metric_Pad1.15x1.40mm_HandSolder,1uF,smt,True
30.754,-17.526,-90.0,top,C14,,,C_0805_2012Metric_Pad1.15x1.40mm_HandSolder,1uF,smt,True
23.241,-2.921,90.0,top,C15,,,C_0805_2012Metric_Pad1.15x1.40mm_HandSolder,0.1uF,smt,True
24.765,-39.74,90.0,top,C16,,,C_0805_2012Metric_Pad1.15x1.40mm_HandSolder,10uF,smt,True
47.625,-39.74,-90.0,top,C17,,,C_0805_2012Metric_Pad1.15x1.40mm_HandSolder,1uF,smt,True
17.272,-39.76,-90.0,top,C18,,,C_0805_2012Metric_Pad1.15x1.40mm_HandSolder,1uF,smt,True
34.163,-39.74,-90.0,top,C19,,,C_0805_2012Metric_Pad1.15x1.40mm_HandSolder,10uF,smt,True
47.117,-19.313,-90.0,top,C2,,,C_0805_2012Metric_Pad1.15x1.40mm_HandSolder,0.1uF,smt,True
36.703,-39.74,-90.0,top,C20,,,C_0805_2012Metric_Pad1.15x1.40mm_HandSolder,1uF,smt,True
31.242,-2.921,90.0,top,C21,,,C_0805_2012Metric_Pad1.15x1.40mm_HandSolder,0.1uF,smt,True
39.221,-39.74,-90.0,top,C22,,,C_0805_2012Metric_Pad1.15x1.40mm_HandSolder,1uF,smt,True
27.305,-3.683,0.0,top,C23,,,CP_EIA-3216-18_Kemet-A,10uF,smt,True
47.235,-6.35,180.0,top,C24,,,C_0805_2012Metric_Pad1.15x1.40mm_HandSolder,1uF,smt,True
58.166,-2.912,90.0,top,C25,,,C_0805_2012Metric_Pad1.15x1.40mm_HandSolder,1uF,smt,True
47.117,-27.931,90.0,top,C26,,,C_0805_2012Metric_Pad1.15x1.40mm_HandSolder,10uF,smt,True
8.509,-24.257,90.0,top,C27,,,C_0805_2012Metric_Pad1.15x1.40mm_HandSolder,10uF,smt,True
11.049,-24.266,-90.0,top,C28,,,C_0805_2012Metric_Pad1.15x1.40mm_HandSolder,10uF,smt,True
50.165,-39.742,-90.0,top,C29,,,C_0805_2012Metric_Pad1.15x1.40mm_HandSolder,1uF,smt,True
49.657,-19.295,-90.0,top,C3,,,C_0805_2012Metric_Pad1.15x1.40mm_HandSolder,0.1uF,smt,True
13.589,-2.921,90.0,top,C30,,,C_0805_2012Metric_Pad1.15x1.40mm_HandSolder,1uF,smt,True
20.701,-2.921,90.0,top,C31,,,C_0805_2012Metric_Pad1.15x1.40mm_HandSolder,1uF,smt,True
47.117,-23.631,-90.0,top,C4,,,C_0805_2012Metric_Pad1.15x1.40mm_HandSolder,0.1uF,smt,True
49.657,-23.631,-90.0,top,C5,,,C_0805_2012Metric_Pad1.15x1.40mm_HandSolder,0.1uF,smt,True
23.749,-11.548,90.0,top,C6,,,C_0805_2012Metric_Pad1.15x1.40mm_HandSolder,1uF,smt,True
20.701,-7.239,90.0,top,C7,,,C_0805_2012Metric_Pad1.15x1.40mm_HandSolder,0.1uF,smt,True
21.209,-11.557,90.0,top,C8,,,C_0805_2012Metric_Pad1.15x1.40mm_HandSolder,10uF,smt,True
29.854,-26.416,0.0,top,C9,,,C_0805_2012Metric_Pad1.15x1.40mm_HandSolder,10uF,smt,True
12.316,-32.385,180.0,top,D1,,,D_SOD-123F,Schottky,smt,True
53.594,-40.64,180.0,top,D2,,,LED_0805_2012Metric_Pad1.15x1.40mm_HandSolder,Green,smt,True
57.912,-40.64,0.0,top,D3,,,LED_0805_2012Metric_Pad1.15x1.40mm_HandSolder,Yellow,smt,True
56.899,-6.347,180.0,top,D4,,,D_SOD-123F,Schottky,smt,True
0.127,-6.35,0.0,bottom,D5,,,LED_0805_2012Metric_Pad1.15x1.40mm_HandSolder,Green,smt,True
8.509,-15.866,90.0,top,FB1,,,0805,Ferrite,smt,True
17.145,-4.064,180.0,top,FB2,,,0805,Ferrite,smt,True
17.145,-1.905,180.0,top,FB3,,,0805,Ferrite,smt,True
3.937,-45.847,0.0,top,H1,,,Mountinghole_1.0-1.5mm,MountingHole_Pad,tht,True
3.937,-4.622,0.0,top,H4,,,Mountinghole_1.0-1.5mm,MountingHole_Pad,tht,True
11.557,-37.874,180.0,top,J1,,,Molex_CLIK-Mate_502443-0270_1x02-1MP_P2.00mm_Vertical,J_BAT,smt,True
-0.127,-35.306,90.0,bottom,J2,,,JST_SH_SM04B-SRSS-TB_1x04-1MP_P1.00mm_Horizontal,QWIIC_I2C,smt,True
1.905,-21.4,90.0,top,J3,,,Molex_CLIK-Mate_502443-1570_1x15-1MP_P2.00mm_Vertical,Conn_01x15_Left,smt,True
64.262,-21.336,-90.0,top,J4,,,Molex_CLIK-Mate_502443-1470_1x14-1MP_P2.00mm_Vertical,Conn_01x14_Right,smt,True
34.86,-21.172,90.0,top,J6,,,Molex-52271-2069-Manufacturer_Recommended,Conn_01x20,smt,True
-1.016,-17.399,90.0,bottom,J7,10118192-0001LF,,USB_Micro_B_Female_10118192,10118192-0001LF,smt,True
-0.635,-26.924,90.0,bottom,J8,,,JST_SM04B-GHS-TB(LF)(SN)-,SM04B-GHS-TB(LF)(SN)-,tht,True
55.208,-24.003,180.0,top,JP1,,,SolderJumper-2_P1.3mm_Open_RoundedPad1.0x1.5mm,Jumper,tht,True
55.208,-21.463,180.0,top,JP2,,,SolderJumper-2_P1.3mm_Open_RoundedPad1.0x1.5mm,Jumper,tht,True
51.811,-6.223,0.0,top,L1,,,IND_LQH32PN100MN0L,10uH,smt,True
21.021,-39.89,-90.0,top,Q1,,,SOT-23,SI2323DS,smt,True
18.161,-7.23,-90.0,top,R1,,,R_0805_2012Metric_Pad1.15x1.40mm_HandSolder,100,smt,True
8.509,-11.548,90.0,top,R10,,,R_0805_2012Metric_Pad1.15x1.40mm_HandSolder,2.2K,smt,True
11.049,-11.548,90.0,top,R11,,,R_0805_2012Metric_Pad1.15x1.40mm_HandSolder,2.2K,smt,True
41.783,-39.74,-90.0,top,R12,,,R_0805_2012Metric_Pad1.15x1.40mm_HandSolder,100K,smt,True
49.657,-14.986,90.0,top,R13,,,R_0805_2012Metric_Pad1.15x1.40mm_HandSolder,11K,smt,True
47.117,-14.986,90.0,top,R14,,,R_0805_2012Metric_Pad1.15x1.40mm_HandSolder,11K,smt,True
53.213,-18.669,0.0,top,R15,,,R_0805_2012Metric_Pad1.15x1.40mm_HandSolder,11K,smt,True
50.165,-35.433,-90.0,top,R16,,,R_0805_2012Metric_Pad1.15x1.40mm_HandSolder,2.2K,smt,True
47.625,-35.433,-90.0,top,R17,,,R_0805_2012Metric_Pad1.15x1.40mm_HandSolder,2.2K,smt,True
53.594,-32.385,0.0,top,R18,,,R_0805_2012Metric_Pad1.15x1.40mm_HandSolder,1k,smt,True
57.912,-32.385,180.0,top,R19,,,R_0805_2012Metric_Pad1.15x1.40mm_HandSolder,1k,smt,True
23.241,-7.23,90.0,top,R2,,,R_0805_2012Metric_Pad1.15x1.40mm_HandSolder,10K,smt,True
8.509,-7.239,90.0,top,R20,,,R_0805_2012Metric_Pad1.15x1.40mm_HandSolder,620,smt,True
45.584,-2.921,-90.0,top,R21,,,R_0805_2012Metric_Pad1.15x1.40mm_HandSolder,36K,smt,True
43.053,-2.912,90.0,top,R22,,,R_0805_2012Metric_Pad1.15x1.40mm_HandSolder,10K,smt,True
53.086,-2.912,-90.0,top,R23,,,R_0805_2012Metric_Pad1.15x1.40mm_HandSolder,30K,smt,True
55.617,-2.921,90.0,top,R24,,,R_0805_2012Metric_Pad1.15x1.40mm_HandSolder,10K,smt,True
49.657,-27.949,90.0,top,R25,,,R_0805_2012Metric_Pad1.15x1.40mm_HandSolder,2k,smt,True
16.129,-11.566,90.0,top,R26,,,R_0805_2012Metric_Pad1.15x1.40mm_HandSolder,10k,smt,True
26.289,-11.557,90.0,top,R27,,,R_0805_2012Metric_Pad1.15x1.40mm_HandSolder,1k,smt,True
8.509,-28.321,-90.0,top,R29,,,R_0805_2012Metric_Pad1.15x1.40mm_HandSolder,100K,smt,True
8.509,-32.394,90.0,top,R3,,,R_0805_2012Metric_Pad1.15x1.40mm_HandSolder,100K,smt,True
11.049,-28.321,90.0,top,R30,,,R_0805_2012Metric_Pad1.15x1.40mm_HandSolder,100K,smt,True
8.509,-20.224,90.0,top,R34,,,R_0805_2012Metric_Pad1.15x1.40mm_HandSolder,100K,smt,True
11.049,-20.224,-90.0,top,R35,,,R_0805_2012Metric_Pad1.15x1.40mm_HandSolder,100K,smt,True
29.854,-28.956,180.0,top,R36,,,R_0805_2012Metric_Pad1.15x1.40mm_HandSolder,20,smt,True
27.296,-35.433,90.0,top,R4,,,R_0805_2012Metric_Pad1.15x1.40mm_HandSolder,10K,smt,True
47.117,-10.668,90.0,top,R5,,,R_0805_2012Metric_Pad1.15x1.40mm_HandSolder,300,smt,True
49.657,-10.668,90.0,top,R6,,,R_0805_2012Metric_Pad1.15x1.40mm_HandSolder,300,smt,True
27.305,-39.74,-90.0,top,R7,,,R_0805_2012Metric_Pad1.15x1.40mm_HandSolder,10K,smt,True
8.509,-2.921,-90.0,top,R8,,,R_0805_2012Metric_Pad1.15x1.40mm_HandSolder,620,smt,True
11.049,-2.921,90.0,top,R9,,,R_0805_2012Metric_Pad1.15x1.40mm_HandSolder,10K,smt,True
0.0,-10.541,180.0,bottom,S1,,,SW_KMR211NGLFS,KMR241NG ULC LFS‎,smt,True
40.386,-1.905,0.0,top,TP1,,,TestPoint_Pad_D1.0mm,GND,tht,True
5.842,-37.465,0.0,top,TP10,,,TestPoint_Pad_D1.0mm,VUSB,tht,True
50.165,-32.258,0.0,top,TP13,,,TestPoint_Pad_D1.0mm,VBCK,tht,True
40.386,-3.937,0.0,top,TP15,,,TestPoint_Pad_D1.0mm,5V,tht,True
33.909,-3.937,0.0,top,TP2,,,TestPoint_Pad_D1.0mm,3.3V,tht,True
33.909,-1.905,0.0,top,TP3,,,TestPoint_Pad_D1.0mm,GND,tht,True
13.462,-10.541,0.0,top,TP8,,,TestPoint_Pad_D1.0mm,SWCLK,tht,True
13.462,-12.827,0.0,top,TP9,,,TestPoint_Pad_D1.0mm,SWDIO,tht,True
55.274,-22.733,0.0,top,U1,,,SOP65P640X120-16N,MAX3232CPWRG4,smt,True
53.4369,-27.874,90.0,top,U10,,,SOT23-5,MCP73831_2,tht,True
55.372,-36.576,0.0,top,U11,,,SOIC-8_3.9x4.9mm_P1.27mm,DS3231MZ,smt,True
13.462,-7.239,0.0,top,U12,,,MSOP-10_3x3mm_P0.5mm,ADS1115IDGS,smt,True
20.97,-22.24,0.0,top,U2,,,TQFP64-10X10,ATSAMD51J64-TQFP(10X10),smt,True
27.305,-7.239,180.0,top,U3,ADXL345BCCZ,,LGA-14_3x5mm_RevA,ADXL345BCCZ,smt,True
20.955,-34.417,180.0,top,U4,,,SOIC127P790X216-8N,MX25L12833FM2I,smt,True
53.467,-12.954,-90.0,top,U5,,,SOP-4_4.4x2.6mm_P1.27mm,TCMT1100,smt,True
57.531,-12.954,-90.0,top,U6,,,SOP-4_4.4x2.6mm_P1.27mm,TCMT1100,smt,True
30.734,-39.48,90.0,top,U7,,,SOT95P280X125-5N,BU33SD5WG-TR,smt,True
44.689,-39.785,90.0,top,U8,,,SOT65P210X110-5N,TPS79733DCKR,smt,True
49.342,-2.881,180.0,top,U9,,,TSOT-23-6,MIC2619YD6,smt,True
